category,title,viewCount,likeCount,dislikeCount,commentCount
Entertainment,WE MADE IT!!,1454174,78572,572,10871
Entertainment,THE SUBSTITUTE TEACHER EXPERIMENT!,2712496,133693,16506,9627
Entertainment,Teens React to Fuller House,2851335,53896,251527,21648
Entertainment,HUGE SURPRISE!!,463538,36952,488,4795
Entertainment,What happened in January?,393709,20856,1273,1461
Entertainment,WINTER IS COMING (Bonus),252811,10806,74,571
Entertainment,Bad Nanny,600307,18078,1051,645
Entertainment,PRANK ON MY MUM!,1692506,110594,728,7774
Entertainment,@FINE BROS SUB COUNT RIP LIVE !!! ROAD TO 13 MILLION !,1364050,37008,1255,1212
Entertainment,Rob Kardashian Swipes at Sisters!,89032,1225,118,119
Entertainment,Kid Pranks Dad: POOP UNDERWEAR PRANK!!!,153159,7467,174,465
Entertainment,Best Carry-on Suitcase Ever? Ft. David So,223677,6805,103,449
Entertainment,How To Run For President!,3138594,189401,1946,20708
Entertainment,Angry Illegal Tenant Prank #2 - Ownage Pranks,428922,22876,500,1861
Entertainment,PICKLEBOY POOPS HIS PANTS!!,311207,11072,642,3278
Entertainment,Vic Sotto and Pauleen Luna's Wedding,1438398,7377,172,288
Entertainment,FACE SWAPPING YOUTUBERS *PRANK*!,437398,20980,2191,1922
Entertainment,The Fine Bros Update Damage Control Rant - You Done Fuck Up,228168,19249,297,5174
Entertainment,Top 10 Scandalous Celebrity DUIs,196606,2407,87,435
Entertainment,THE WAKEUP SURPRISE PRANK!,557255,26272,578,5140
Entertainment,GREASE: LIVE | "Greased Lightning" | FOX BROADCASTING,390555,3416,70,222
Entertainment,FRANCIS GETS PRANKED (GONE WRONG) (GONE SEXUAL) KILLING MY BEST FRIEND (IN THE HOOD),262138,22121,991,2896
Entertainment,《欢乐喜剧人II》第3期20160131: 岳云鹏热唱五环之歌唱哭自己 小沈阳变“老神头儿” 逗笑众人 Top Funny Comedian EP.3【东方卫视官方超清】,157596,181,19,283
Entertainment,MY ONLINE BOYFRIEND IS BACK,65331,4820,94,730
Entertainment,Try not to laugh challenge Reaction & Thoughts #JCTG,315991,11766,926,1147
Entertainment,Thách Thức Danh Hài mùa 2 | GALA 3 FULL HD: Trấn Thành- Việt Hương òa khóc trao 150 triệu,2885968,6226,846,1021
Entertainment,I REACT To: The Fine Bros. Being Dumbasses,293900,11973,415,2263
Entertainment,FULL BODY PIE PRANK!! ( Funny Pranks & Videos w/ TheCampingRusher ),79461,4166,56,479
Entertainment,Pilipinas Got Talent Season 5 Auditions: Celine Venayo - Pole Dance,1123236,2675,290,287
Entertainment,Ellen's Birthday Celebration,296988,9250,58,856
Science & Technology,Samsung Galaxy Unpacked 2016 - #TheNextGalaxy,1189169,7472,855,1258
Science & Technology,LG Man From The Future Full Commercial | OLED TV,2600046,1625,270,62
Science & Technology,What Happens If You Jam an iPhone 6S in a Dirtbike?,699692,27884,1561,4461
Science & Technology,SIDEMEN INSTAGRAM CHALLENGE!,1222326,53863,410,1157
Science & Technology,MY INTERNET BOYFRIEND IS BACK,58858,5130,106,571
Science & Technology,iOS 10 - Top 10 Features Wishlist,193547,8415,151,1577
Science & Technology,SUICIDE KITS!?! - Deep Web Browsing 33,65051,2702,27,884
Science & Technology,Money & Violence Season 2 Trailer,36498,977,19,232
Science & Technology,TOO MUCH MONEY! | Kingdom #4,1115898,43138,339,7225
Science & Technology,LSPD First Response Gameplay #17 - The RV Encounter (PC),26012,557,18,233
Science & Technology,PC WARS  - Episode 6,95791,5759,70,1038
Science & Technology,Funniest Instagram Videos Reaction & Thoughts #JCTG (This should be viral),208680,7814,345,444
Science & Technology,My First BlackBerry in 8 Years,104874,5216,463,624
Science & Technology,I BOUGHT A COMPUTER! | Avrey Ovard,74725,6516,41,820
Science & Technology,5 Strangest & Most Mysterious Videos On The Internet,304863,16935,139,3256
Science & Technology,Galaxy S7 Renders- Project Skybender & Sony Xperia C6 - Android Weekly,91021,2463,85,205
Science & Technology,懶得乜乜乜,226594,23795,593,276
Science & Technology,[Internet] I REACT to #UnsubTheFineBros,96082,5143,252,1338
Science & Technology,CNET Top 5 - Top 5 gadgets you need in your home theater,26992,671,62,31
Science & Technology,DISNEY SURPRISE ANIMALS Animal Kingdom Surprise Lions + Monkeys The Engineering Family Surprise Anim,158274,445,65,74
Science & Technology,7D2D Mindcrack Server - E13 Tunnel Rat ZEL,21329,1683,17,100
Science & Technology,Eat- Pray... Swipe | Tinder Qtiyapa,343374,8518,218,675
Science & Technology,RISKING IT ALL FOR INSTAGRAM,106921,6372,44,636
Science & Technology,Quadruple Your Network Speed for $100 with SMB 3.0 Multichannel!,553503,17682,731,1971
Science & Technology,Internet react: TheFineBros subscriber count,25828,818,19,119
Science & Technology,MY COMFY ZONE!  01 28 16,26575,1646,53,83
Science & Technology,How I Deal With Internet Hate,37806,3272,67,847
Science & Technology,If Google Was A Guy (Part 5),3005241,84990,1500,3985
Science & Technology,Here is explanation of the FB ad I posted,1249,20,2,0
Science & Technology,Is The Internet Killing Truth?,14006,1876,21,218
Sports,I F@CK#D UP- BIG TIME,933680,41092,541,3495
Sports,Richard Sherman RKO,831959,565,104,57
Sports,2016 Pro Bowl Highlights | Team Irvin vs. Team Rice | NFL,462231,3688,78,442
Sports,LeBron Jr. & Bryce Maximus GET BUCKETS | LeBron in Attendance #NCBC,498509,552,23,52
Sports,The Best Female Rock Climber In the World is 14 Years Old,253665,4713,93,271
Sports,John Scott vs Patrick Kane: Hit- Goal and Fight,187145,299,6,33
Sports,Golden State Warriors vs New York Knicks - Full Game Highlights | Jan 31- 2016 | NBA 2015-16 Season,240090,1113,17,130
Sports,HATE AND BASKETBALL 2,74865,4740,33,391
Sports,Richard Sherman rkos Clay Matthews!,47496,36,3,11
Sports,Pelea Completa Estudiantes vs Gimnasia 1-0 - Torneo de Verano 2016 - 31/Enero/2016,1099299,1747,215,900
Sports,Burns sets up Scott to beat Rinne,100174,738,7,54
Sports,Toupalik Thinks He's Won | 2016 Cyclo-cross World Championships | Heusden-Zolder- Belgium,639113,1407,80,146
Sports,Sad Gymnasts (WK 265.3) | Bratayley,416609,13265,152,2988
Sports,Teddy Bear the Porcupine Predicts Super Bowl 50 Winner,38209,307,14,32
Sports,Top 10 NBA Plays: January 31st,213277,2789,30,314
Sports,FLUSHED ELITE LITA FALLOUT! Grim REACTS To Taking Figure OUT OF THE TOILET,62802,1873,44,340
Sports,Tremenda patada de Alvaro Pereira a Facundo Oreja - Estudiantes vs Gimnasia 31/01/2016,221429,111,10,70
Sports,Nick Young's Kid Balled Out in His Adidas Yeezy 750 Boosts,84157,2329,101,211
Sports,4 DIFFERENT WHEEL SIZE SKATE | STUPID SKATE EP 39,228423,4987,85,1758
Sports,UFC Fight Night: Hendricks vs. Thompson - Joe Silva Preview,76633,674,42,230
Sports,MNT vs. Iceland: Steve Birnbaum Goal - Jan. 31- 2016,25380,256,9,187
Sports,GROUNDHOG'S DAY PARKOUR CHALLENGE - MINECLASH (EP.59),153674,6058,191,1697
Sports,Double Amputee Trains Extreme,84548,1704,7,148
Sports,Pro Bowl 2016- Team Irvin vs Team Rice! Sunday Fun Day,74912,1657,51,305
Sports,LA FIT EXPO 2016,47653,2180,24,187
Sports,Chris Brown boxing,32619,1312,16,100
Sports,World Star Director - Exclusive Interview w/ Lionel Leonard #ADDSketch,46054,2154,58,135
Sports,BEST of Ballislife 2015! The Most AMAZING Dunks- Ankle Breakers & Plays of The Year!!,170017,3981,18,271
Pets & Animals,The Biggest Dogs That Actually Exist,185250,4899,84,545
Pets & Animals,The old dog who was too "Yucky" to live!,413718,121,4,3
Pets & Animals,A Couple's Incredible Devotion to Wildlife,190099,4748,33,205
Pets & Animals,THE MOST ANNOYING DOG TOY IN THE WORLD! (Super Cooper Sunday #47),146076,7934,50,853
Pets & Animals,I Cloned My Dead Dog,666693,22029,4654,4561
Pets & Animals,Кот ловит муху. Epic Fail,19069,54,5,4
Pets & Animals,FIND THE SLOTH!,215700,12015,215,929
Pets & Animals,DOMESTIC DOG (Sunday Simulator),114197,5320,38,292
Pets & Animals,Cat Reacts To Love When Rescued | TheMeowPost.com,20190,30,0,1
Pets & Animals,DINOSAUR TOY BATTLE!,366658,15449,209,3060
Pets & Animals,Make a Cozy Dog Bed with Shannon Cuddle Fabric,9399,322,2,44
Pets & Animals,The Deep - Cat Goes Fishing,40418,2391,19,256
Pets & Animals,If You Could Meet Dogs On Dating Apps,171860,5772,208,210
Pets & Animals,Trans-Species! It's Here. Girl Claims 'Born a Cat' | Louder With Crowder,54769,3255,34,1487
Pets & Animals,GIANT EGG SURPRISE OPENING Indominus Rex & Biggest Dinosaur Toy Ultra T-Rex Kids Video,354704,702,159,45
Pets & Animals,Top 10 Hybrid Animals That Actually Exist,108092,4312,74,1325
Pets & Animals,A Little Girl & A Bulldog Are Best Friends,518767,31950,172,990
Pets & Animals,The Mythical Water Horse,31048,3045,17,232
Pets & Animals,WORM UNDER SKIN!,248215,2252,125,1610
Pets & Animals,DISNEY SURPRISE ANIMALS Animal Kingdom Surprise Lions + Monkeys The Engineering Family Surprise Anim,158274,445,65,74
Pets & Animals,NOT FOR CAT PEOPLE! - Reacting to SCIENTIFICALLY ACCURATE ™: THUNDERCATS,39408,1348,50,538
Pets & Animals,Pug Balloon Squad - Doug The Pug,9271,550,3,58
Pets & Animals,WE HAVE MICE!,56128,2231,38,243
Pets & Animals,Power Rangers Dino Super Charge - Purple Ranger Morph and Dino Drive Mode,143687,452,44,76
Pets & Animals,Pregnant Cat Rescued!,15526,18,1,0
Pets & Animals,Rescued bobcat at the dinner table,25974,14,0,3
Pets & Animals,How Weird is Ultimate Chicken Horse?  - IGN Access,20870,604,20,83
Pets & Animals,GOATS ATTACK DOG!,6138,436,66,36
Pets & Animals,10 reasons why girls should have sex with dogs REACTION!,204255,5320,342,2530
Pets & Animals,Bonanza!,1425,56,0,3
Music,Rick Ross - Carol City,132947,4069,136,171
Music,Jam (feat. Trey Songz- Ty Dolla $ign and Jamie Foxx),35939,379,23,0
Music,LION BABE - Where Do We Go (Official video),147612,2432,190,91
Music,Excuse Me,9418,7,1,3
Music,Anuel - Soldado Y Profeta (Remix) ft. Ozuna- Almighty- Kendo Kaponi- Ñengo Flow,123778,2953,521,282
Music,ZAYN - PILLOWTALK,45204519,1317170,151696,133053
Music,[MV] Apink(에이핑크) _ U You,48448,2155,39,98
Music,J. Cole - Love Yourz,1593688,53238,1534,2603
Music,Coming Soon,7912,35,0,2
Music,Goodbye To Signe 2 (Live 10.15.1966 Late Show - Signe's Farewell),4449,5,0,1
Music,Descent Of The NOMACS,2908,11,3,0
Music,I Wonder (Edited),4160,70,1,0
Music,Kevin Gates - Pride (Official Audio),769874,11142,1234,504
Music,Tory Lanez - LA Confidential (Audio),473128,9408,675,741
Music,Intro/ 50 Cent/ The Massacre (Edited),7075,18,2,0
Music,Charles Kelley - The Only One Who Gets Me (1 Mic 1 Take),11155,147,1,5
Music,The Fooo Conspiracy - My Girl (Official Video),43097,3459,69,457
Music,Sia - Move Your Body (Audio),657568,17007,263,1347
Music,Hands Like Houses - Behind the Scenes of "Colourblind",22682,695,11,26
Music,Juan Gabriel - Si Quieres ft. Natalia Jiménez,367917,5959,269,202
Music,Public Service Announcement (Edited),4722,22,1,1
Music,Summer Nights,6398,13,3,1
Music,Daughtry - Torches (Lyric Video),143432,5477,197,288
Music,The Season | Carry Me,2390,26,0,0
Music,Charlie Puth - We Don't Talk Anymore [Official Audio],2000345,58446,599,2315
Music,Tori Kelly - Hollow (Top Of The Tower),144381,11201,88,617
Music,Gerardo Ortiz - Fuiste Mía (Official Video),2570849,48775,2828,2178
Music,A$AP Mob - Yamborghini High (Audio) ft. Juicy J,165616,5063,99,215
Music,Antidote,22492,305,93,0
Music,Paruruvaaya Video Song | Ver 2 | Thaarai Thappattai | Ilaiyaraaja | Bala | M.Sasikumar | Varalaxmi,39542,158,12,15
Gaming,Let's Play - GTA V - Snipers VS Stunters 2,543200,13129,246,1192
Gaming,Minecraft: BURNING ENDERMAN (SURVIVE IN IT'S BODY OR BLOCK!) Mini-Game,953872,53515,1493,7906
Gaming,Minecraft: Aftermath | CLAY = LIFE?!,1120635,40862,741,6017
Gaming,BABY CAUGHT ON FIRE!! | Roblox,1528055,31854,1356,9535
Gaming,EXPLODING POOPS | Slime Rancher #3,1427316,59638,368,13948
Gaming,Psycho Dad Chucks Super Nintendo,1338437,38121,4679,29111
Gaming,FIGHT MODE ACTIVATE - Demo Disk Gameplay,367478,14706,140,1050
Gaming,I AM POOP GOD | Slime Rancher | Part 3,848829,38772,235,6177
Gaming,THE SQUAD PLAYS HIDE AND SEEK! #4,704323,57452,644,3616
Gaming,BECOMING SMASHING! | Minecraft Mini-Game SMASH HEROES! /w Facecam,593256,23316,342,4447
Gaming,GMod Death Run Funny Moments - WHERE'S THE CRANE! (Garry's Mod),400604,17185,105,1552
Gaming,BOX FORT MASTER (Garry's Mod Prop Hunt),653393,21808,63,239
Gaming,CALL OF DUTY WATER PARK! - (NEW Black Ops 3 DLC),935252,33341,498,1957
Gaming,PAT And JEN PopularMMOs | Minecraft  TROLLFACE QUEST DO YOU LIKE GAMES !,129112,2781,148,212
Gaming,CSGO - YOU CAN'T KICK ME! (Counter Strike: Funny Moments!),615432,28423,151,781
Gaming,THIS IS SO CREEPY...,368008,19837,250,1790
Gaming,My thoughts on Tom Clancy's The Division (Beta),353588,16794,864,49
Gaming,That Timing,395920,32383,105,3209
Gaming,Minecraft CRAZIER CRAFT - "I'M HOME" EPISODE 2  w/ MrWoofless,162810,7010,48,1149
Gaming,[SFM FNAF] Life of the night guard remake Special 700k,224379,16674,256,3209
Gaming,HE PUSHES THE WRONG BUTTON!! - MADDEN 16 PS4 GAMEPLAY,143424,5132,37,1372
Gaming,The Cake | Ep 29 | Minecraft Crazy Craft 3.0,596042,30579,87,4509
Gaming,Minecraft: DID WE CRASH?! | CRUNDEE CRAFT,143181,6098,91,3709
Gaming,How (not) To Play Tahm Kench! - League of Legends Funny Moments,577205,31331,540,1710
Gaming,Top 10 Worst Heroes in Video Games,555215,8141,1728,2380
Gaming,Garry's Mod Funny Moments - Spare Parts Edition!,533515,21717,91,574
Gaming,The Binding of Isaac: AFTERBIRTH - Let's Play - Episode 197 [Daily],85408,2536,91,323
Gaming,Madden 16 Career Mode - Final Season Game!,218807,8240,65,412
Gaming,Zelda Easter Eggs Part 2 - Easter Egg Hunting,349001,9895,193,607
Gaming,Minecraft Xbox - Cave Den - The Meaning Of Loaf (50),403825,7389,223,4240
Howto & Style,HEINZ Ketchup Game Day 2016 Hot Dog Commercial | "Wiener Stampede" - Extended Cut,2771545,13564,886,206
Howto & Style,Deadly Brown Snake- Pacific Pines- Gold Coast,2223910,6746,653,949
Howto & Style,If Soda Commercials Were Honest - Honest Ads,831791,20530,701,1387
Howto & Style,SEPHORA HAUL! | Casey Holmes,190231,10314,134,1293
Howto & Style,19 Strangest Sexual Fetishes You've Never Heard Of,638474,18153,742,3461
Howto & Style,Wear It or Eat it Challenge,187468,10737,87,1776
Howto & Style,PICKLEBOY WETS THE BED?!,300921,24183,1228,4081
Howto & Style,LOVE YOURSELF DAMMIT!,195829,13322,62,762
Howto & Style,WHAT'S IN MY MOUTH CHALLENGE?! (Blind Food Taste Challenge),129429,8192,56,1091
Howto & Style,#RELPURPOSE | DAY 1 | SHOULDERS & CHEST,44015,1349,23,98
Howto & Style,My signature makeup | StillGlamorUs,62228,3221,209,248
Howto & Style,ARTIS Elite Mirror 10 Makeup Brush Set UNBOXING Video,153066,5177,170,373
Howto & Style,Better sleep: a 2-minute guide,86223,2429,92,196
Howto & Style,Cooking with JK: Joe Makes Spam Musubi!,149480,6018,363,906
Howto & Style,10 Things That Won’t Make Sense To Sisterless Families,524309,16759,721,1121
Howto & Style,A Weed Wedding Could Save You Thousands,92469,2283,168,1039
Howto & Style,10 Creative Recipes Using Just a Potato (Part 2),51896,1685,38,160
Howto & Style,BUNGEE JUMPING IN MEXICO,170645,12101,156,1256
Howto & Style,Acne Vulgaris and Extracting large Whiteheads,567106,5688,133,880
Howto & Style,World's Biggest POP TART Surprise Egg + CHALLENGE! Joker + Star Wars Balloon Game by HobbyKidsTV,163651,908,93,130
Howto & Style,Did Bill Gates Create The Zika Virus?,49563,599,81,210
Howto & Style,Octopus inside a clam shell (Octoclam) in Cambodia!!!! That really amazing!!!,20203,19,5,0
Howto & Style,WHY DID I SAY THAT?!,44962,3937,21,625
Howto & Style,Eat Your Sushi: Ep 1,303412,16742,196,4546
Howto & Style,James Harden Behind the Scenes of Our Super Secret Commercial | 2016 Taco Bell,167365,422,90,22
Howto & Style,THVL | Ca sĩ giấu mặt - Tập 17 : Bán kết 2,861280,2645,261,508
Howto & Style,The Ramen Off - (Feat. FilthyFrank & HowToBasic) *VOMIT WARNING*,339229,19652,557,2187
Howto & Style,Makeup Unboxing & Demo! ♡ Limited Edition LiveGlam x Shaaanxo Box!,231351,10600,345,642
Howto & Style,FLAWLESS VALENTINES DAY MAKEUP | FULL FACE TUTORIAL,47516,4517,29,503
Howto & Style,Why America's Test Kitchen Calls the Fagor Duo the Best Buy for Stovetop Pressure Cookers,15419,285,8,32
Trailers,SINISTER - Trailer,2623733,2839,260,984
News & Politics,CBS anchors chuckle when Hillary Clinton says she can't be bought,493944,180,37,75
News & Politics,Solar Wind Impact- OTF Clips | S0 News Feb.1.2016,28568,857,18,258
News & Politics,3 Scary True Craigslist Horror Stories - Vol. 4,252526,12059,111,2355
News & Politics,THIS WEEK IN  WEATHER    31  JAN 2016,10846,45,1,5
News & Politics,Dhe Chef | Episode 28 | Mazhavil Manorama,55275,108,30,64
News & Politics,Woke TV Live 01/31,12397,1082,5,14279
News & Politics,Pawan Kalyan Full Speech About Tuni Kapu Garjana Violence | Pawan Kalyan Press Meet,71882,519,107,71
News & Politics,01312016 正晶限時批,54011,170,19,142
News & Politics,Audio- Incroyable: Une animatrice d'une célèbre télévision a deux maris,28337,20,1,3
News & Politics,Daily forecast video for Monday February 1st- 2016,1943,7,0,0
News & Politics,FHTV NEWS February 1- 2016,2597,2,0,0
News & Politics,CNN Student News February 1- 2016,5867,27,0,0
News & Politics,VERY EXCITING NEWS!,11837,666,10,57
News & Politics,【官方整片超清版】《了不起的挑战》第6期 20160131 Infinite Challenge - 两个云鹏互换人生岳岳赴泰国变身大学老师 | CCTV央视,48097,76,6,42
News & Politics,Republic News: Confusion,7960,177,19,76
News & Politics,February 1- 2016 Weather Xtreme Video - Morning Edition,3120,14,0,1
News & Politics,The Bill Press Show - 02/01/16,687,4,0,797
News & Politics,Police Factory - पुलिस फैक्टरी - Episode 36 - 30th January- 2016,28845,191,26,16
News & Politics,24 Oras: Isa sa SAF troopers na tumugis kay Marwan- umalma sa aniya'y mapanirang pahayag ng AFP,5402,2,0,0
News & Politics,Pawan Kalyan Press Meet | Responds On Tuni Incident | Kapu Garjana | V6 News,50290,226,47,27
News & Politics,Average Skill Phenomenal Will | TheREsource.tv,813,0,0,0
News & Politics,Bernie Sanders makes his last pitch to Iowa voters,6191,162,18,131
News & Politics,Raw: Myanmar's New Parliament Seated,2932,13,3,1
News & Politics,เจาะข่าวเด่น เตือนกินปลาดิบติดเชื้อวิบริโอ (1 ก.พ. 59),8733,43,3,4
News & Politics,013116 WALKER COUNTY WRONG WAY DRIVER,1971,8,0,0
News & Politics,Anorexic Woman Starves Herself To Look Young - News In History,6890,228,7,112
News & Politics,Bob Schuman Tribute,2522,26,0,6
Movies,K Yo Maya Ho,1057501,2363,578,183
Movies,Sintel (UHD/ 4K),97764,629,75,46
Movies,Harley-Davidson: The Spirit of America - THE MOVIE,427912,922,96,268
Movies,Simha Full Movie - HD,332812,365,116,35
Movies,The Hobbit: The Desolation of Smaug,68409,1020,348,1
Movies,American Hustle,16123,216,97,9
Movies,Ramayya Vasthavayya,6670173,9727,2674,1010
Movies,Fer Mamla Gadbad Gadbad,1801884,3128,712,341
Movies,Walking With Dinosaurs: The Movie,16099,334,197,0
Movies,Paranthe Wali Gali,289959,336,121,68
Movies,The Hunger Games: Catching Fire,35339,450,281,0
Movies,Meet John Doe,150845,331,18,72
Movies,Indiana Jones and the Kingdom of the Crystal Skull,59412,633,203,97
Movies,Dumebi In School 1,529900,1284,162,282
Movies,Sri Manjunatha (2001) - HD Full Length Telugu Film - Chiranjeevi - Arjun - Soundarya - Meena,160294,291,82,18
Movies,Bhookailas - Telugu Full Length Movie - NTR- ANR- SVR & Jamuna,257051,350,77,42
Movies,12 Years a Slave,43305,1393,411,0
Movies,Ishq Garaari,1239845,1926,471,164
Movies,Little Princess,109182,380,37,55
Movies,Law Abiding Citizen,66683,1184,254,0
Movies,Pyaar Ke Side Effects | Full Length Bollywood Romantic Comedy Movie,1009136,1000,346,62
Movies,Did Foreign Fishing Fleets Turn Somalia into a Pirate Country?,93285,305,40,336
Autos & Vehicles,Ryanville – Hyundai Super Bowl Commercial :45s | The 2017 Hyundai Elantra,3026612,12176,2597,243
Autos & Vehicles,2 HORRIFYING Stories,25903,1291,19,160
Autos & Vehicles,MINI USA | #DefyLabels TV Spot,5664253,7139,4029,1255
Autos & Vehicles,2015 Ford Mustang Shelby GT350R - Jay Leno's Garage,280778,6862,81,1132
Autos & Vehicles,Regular Car Reviews: 1966 Plymouth Barracuda,97388,3345,48,455
Autos & Vehicles,Dan STILL Sucks At Wheelies!,89027,3478,33,423
Autos & Vehicles,Modified BMW E30 Coupe 2.7L Stroker Motor - (One Take),138046,2184,109,462
Autos & Vehicles,Mississippi To Alabama- Then Florida,27003,2808,168,299
Autos & Vehicles,But it's for the kids!,32013,2204,14,180
Autos & Vehicles,Baby runs out of steam and falls asleep on brother's toy train,9976,4,4,0
Autos & Vehicles,Уничтожение российской авиацией колонны большегрузных автомобилей с боеприпасами в р-не АЛЕППО,282621,4209,193,313
Autos & Vehicles,‘Back to the Future’ DeLorean car set to release in 2017,55907,1765,33,646
Autos & Vehicles,Valet Driver Ruins Lamborghini | Joyride Gone Wrong,113699,2205,93,479
Autos & Vehicles,Fully Gutted Miata,72814,2416,48,620
Autos & Vehicles,New additions to @lipsticktheseries,12140,215,14,31
Autos & Vehicles,Car Talk (Ep. 2),65691,5695,17,257
Autos & Vehicles,Mud Therapy (EP 48),68079,2341,8,102
Autos & Vehicles,Fog pileup of 70 vehicles kils 4- injures 30 in Slovenia,488241,306,13,72
Autos & Vehicles,EMERGENCY ALERT! IN CALIFORNIA NOW,26265,298,16,83
Autos & Vehicles,"Red Morning" with KC Mathieu,76961,1356,5,59
Autos & Vehicles,Torque Nazis -ETCG1,28400,1312,36,366
Autos & Vehicles,The Cream S13 - Mysterious Overheating,146357,7100,57,1122
Autos & Vehicles,FAQ Mondays: Marshalls & Being A Mechanic,19061,669,9,159
Autos & Vehicles,Drag Race TopGear Polska: Audi R8 V10 vs Lamborghini Huracan,87770,330,12,15
Autos & Vehicles,MONSTER JAM GLENDALE (1.30.16 - Day 1400),38769,886,21,223
Autos & Vehicles,Gilberton el joto de tierra blanca (poniéndole su puerta de fierro),39651,892,11,281
Autos & Vehicles,Conductor - "しゃしょう",18543,1477,7,155
Autos & Vehicles,Mushroom Tripping Coyotes Attacking Cars,122399,2680,148,705
People & Blogs,PICKLEBOY WETS THE BED?!,300921,24183,1228,4081
People & Blogs,LOVE YOURSELF DAMMIT!,195829,13322,62,762
People & Blogs,WHY DID I SAY THAT?!,44962,3937,21,625
People & Blogs,Running Away to Uncle Jareds,63691,2909,30,267
People & Blogs,THE BEST FRIEND TEST (ULTIMATE FAIL),1540313,125621,384,5219
People & Blogs,January 2016 Favorites | Bailey B.,10401,606,5,37
People & Blogs,SHE'S LEAViNG ME.,266699,11161,175,1441
People & Blogs,DON'T LOOK DIRECTLY AT IT,18074,332,2,57
People & Blogs,Dual Vlog with Jake TheGardenSnake,46498,2150,22,134
People & Blogs,MY Therapy! - January 30- 2016 -  ItsJudysLife Vlogs,235281,7915,184,1640
People & Blogs,EXPERT PLUMBERS!,530500,14558,2140,6894
People & Blogs,That Was Surprisingly Fun.. | LA Vlog,26902,1293,27,287
People & Blogs,I'VE NEVER SEEN LONDON LIKE THIS!,91232,4811,36,459
People & Blogs,WORST PICK UP LINE? | #AskJenna,58734,3606,32,433
People & Blogs,MIMI'S ADVICE ON SLEEP | Alex Ikonn Vlog 46,22908,757,15,86
People & Blogs,GEN BEAUTY LA 2016 DAY #2! - TheSchuermanShow,10067,705,93,51
People & Blogs,Sharky Vlog's:  BECOMING BEST FRIENDS- AGAIN!!,43154,823,22,236
People & Blogs,SO IMMATURE?!! VLOG!,53045,3619,128,427
People & Blogs,WORST TATTOO IDEA EVER? (VLOG #51),17512,923,218,127
People & Blogs,vlog: little vlog of my weekends,4750,395,29,68
People & Blogs,100K,24235,2040,6,277
People & Blogs,ADRENALINE DANCE COMPETITION/CONVENTION VLOG! Haley Pham,47552,3292,18,399
People & Blogs,MY FIRST GIRLFRIEND? (vlog 338),30255,644,13,88
People & Blogs,HELLO- IT'S ME!! GOOD TO SEE YOU AGAIN!! - VLOG 170,13893,988,24,251
People & Blogs,Vlog: I'M A MOM!,14993,946,18,91
People & Blogs,JORDAN 5 'ALTERNATE 90' PICKUP VLOG W/JAYYKICKS!!!,41701,2270,22,308
People & Blogs,THEY CHANGE OUR LIVES :(,105431,6216,43,1431
People & Blogs,Vlog 83: Am I A Fox Or A Bear?,9324,194,14,213
People & Blogs,Vlogging update!,4804,347,3,51
Education,Reason's Nick Gillespie & Lisa Snell Call Bullsh*t on Public Education Abuses,6429,162,5,99
Education,GO! Half Rectangle Triangle-3" x 6" Finished Rectangle (55411),9841,12,4,1
Education,100k Subs!!! Teaching Blind Students Simple Circuits,14877,1403,7,108
Education,Documentaire: l'éducation au Corée du sud - هكذا تفوقت المدرسة الكورية,43753,79,5,3
Education,Education - Donald J. Trump for President,14504,598,414,162
Education,The Biggest Educational Challenge - Stephen R. Covey,4004,8,0,2
Education,Leaders To Learn From: Myran Parker-Brass,2630,6,1,0
Education,TEACHING KOREAN WORDS TO LITTLE AUSTRALIAN TWINS,5970,229,3,24
Education,Learn Colors with Gun Game- Teach Colours- Baby Children Kids Learning Videos by Baby Rhymes,425006,494,235,16
Education,I'm teaching!,9777,535,12,85
Education,Patterns 2 - ABC Pattern - Shapes- Colors & Direction - The Kids' Picture Show (Fun & Educational),59357,31,21,10
Education,YHT Storyteller AU student Justus Cox,2171,4,1,0
Education,LEARN COLORS & Healthy Food Learn With Me Sort & Learn Apple Educational Toddler & Baby Surprise Toy,741662,1436,291,276
Education,Welcome to the Sandbox,6773,192,8,14
Education,The Pokot Creed: Where the call of culture is stronger than that of education,3486,7,0,7
Education,BIG GIRL ROCK - INSTRUCTION - Parkside - 12-28-2011.wmv,11905,191,4,22
Education,4:44AM Line Dance - Teach and Dance,6173,49,4,0
Education,La Revolución Ciudadana transformó radicalmente la educación en Ecuador,10730,142,7,22
Education,The educational Rapper - Alphabet Song,15319,1197,7,102
Education,Learn Colors Collection Vol  1   Teach Colours for Kids Baby Toddler with Monster Truck & Police Car,134476,130,69,1
Education,What if everyone had a classical education?: Rebekah Hagstrom at TEDxMahtomedi,40441,342,25,95
Education,【TED】6個月掌握流利的外語學習方法 How to learn any language in six months Chris Lonsdale at TEDxLingnanUniversity,19862,237,1,3
Education,For-Profit Colleges Are Scamming Americans Students,7164,6,1,0
Education,Kicking Off National School Choice Week 2016,66621,35,0,5
Education,Keep Good Going: Golden Grad,86915,146,10,11
Education,Changing Lives in Two Countries,1561,50,0,0
Education,LO PEOR DE EDUCACIÓN FÍSICA,435327,35150,797,2491
Nonprofits & Activism,Catch and Release - People Behaving Badly,18285,310,31,208
Nonprofits & Activism,Donation cards on YouTube,11886,68,19,4
Nonprofits & Activism,Profit vs. Nonprofit Fundraising Strategies,5834,41,12,9
Nonprofits & Activism,Linstead 3.11- 2 - He didn`t even blinked,38337,126,22,9
Nonprofits & Activism,Dib udhiska Tiyaatarka Qaran iyo Daryeelka Fanaaniinta Soomaaliyeed waa Muhiim,17353,40,39,4
Nonprofits & Activism,The world doesn’t need another new non-profit | Kirk Bowman | TEDxPeachtree,27938,244,4,42
Nonprofits & Activism,Thank you!,15704,106,30,9
Nonprofits & Activism,Man hides 50k donation in nativity scene of Texas non-profit,51420,88,61,29
Nonprofits & Activism,How churches and nonprofits get into trouble with IRS,24447,74,74,8
Nonprofits & Activism,Not For Profit - Poseiden Foundation,26942,481,65,39
Nonprofits & Activism,Give Miami Day 2015 - When Giving Goes Viral!,24547,78,51,1
Nonprofits & Activism,Non-profit Work Can Consume You- Here's How to Prevent Burnout,42656,455,91,42
Nonprofits & Activism,Time for Big Pharma to go Not For Profit...,16837,131,31,54
Nonprofits & Activism,Chipotle's GMO-free campaign slammed by non-profit group,32951,72,56,56
Nonprofits & Activism,Deception 8: Planned Parenthood is the good-hearted non-profit,42153,197,229,152
Nonprofits & Activism,Michigan Nonprofit Falls to Minimum Wage,13993,38,34,0
Nonprofits & Activism,Major Announcement: Because I said I would Chapters,15843,91,22,10
Nonprofits & Activism,Top 10 Non-Profits Straight Outta Science Fiction — TopTenzNet,45141,416,60,68
Nonprofits & Activism,Pablo Ramirez,7414,60,15,5
Nonprofits & Activism,#UpgradeYourWorld | Vote for a Global Nonprofit To Win $500k,1112142,616,34,81
Nonprofits & Activism,Ending my silence...  revealed my superpower.,24405,82,58,43
Nonprofits & Activism,Why We All Can't Work for "Non Profits",13029,188,24,77
Nonprofits & Activism,Non-Profit Group Laces NYC Homeless with Sneakers,49325,932,31,81
Nonprofits & Activism,Future nonprofit leaders making a difference today,28359,44,32,6
Nonprofits & Activism,No pregnancies allowed: Houston non-profit grilled for firing pregnant women,83653,175,40,122
Nonprofits & Activism,Ally's Wish,8399,16,6,0
Nonprofits & Activism,Seth Godin on Successful Fundraising - Ask the Fundraising Expert,20948,108,9,21
Travel & Events,BUNGEE JUMPING IN MEXICO,170645,12101,156,1256
Travel & Events,THVL | Ca sĩ giấu mặt - Tập 17 : Bán kết 2,861280,2645,261,508
Travel & Events,Siege World: HAUNTED MANSION Dungeon (Season 2 - Episode 5),50949,1765,23,338
Travel & Events,Mingles with Jingles - Asian Tank Porn Edition,99429,5118,189,1710
Travel & Events,Tiny owl shows off adorable new trick,36183,50,4,3
Travel & Events,HAWAII NOT | JAN 29 & 30,23845,1820,35,214
Travel & Events,Surprising Luke with a Vacation!,25015,3598,12,246
Travel & Events,Let's Go On An Adventure: Cabo San Lucas,27036,1440,67,128
Travel & Events,The Bird Master's Zoo!! | Zoo Crafting: Episode #31 | Season 3,4992,213,4,99
Travel & Events,Sins of the World - Jan. 2016 (Part 6) End Times Signs,15576,467,10,110
Travel & Events,1/31/2016 -- Glowing- Steaming- Burning Fissures / cracks form in Ecuador,35686,978,15,207
Travel & Events,Hoàng Hôn Dịu Dàng Tập 27 | Phim Việt Nam | Let'sViet Channel,14045,21,4,7
Travel & Events,Bus Scrapes Through Tunnel on Needles Highway,8612,34,1,17
Travel & Events,Titan Roller Coaster POV - 60 FPS Space World Japan - Arrow Dynamics' OTHER Hyper Coaster!,37586,705,22,95
Travel & Events,LOCKED IN A MUSEUM AT NIGHT!,163915,17531,604,1205
Travel & Events,Rolex24 at Daytona 2016 Finish Last 12 minutes,54213,363,7,26
Travel & Events,Quick Sand,18988,35,0,1
Travel & Events,This week at Disneyland in 90 seconds -Star Wars and Characters - 01/30/16,3410,160,3,20
Travel & Events,#KARMALAND2 - BAÑERA DE CALAMARES!! #74,938755,49590,709,1565
Travel & Events,밴쯔로드 24화! 리홍/대전맛집/만년동맛집/대전중식/먹방 [ENG SUB],119537,987,40,260
Travel & Events,Research vessel in Antarctica captures rare footage of volcano erupting,3983,6,1,0
Travel & Events,10 Shocking Facts About Disney,56432,944,62,108
Travel & Events,Old Forge- NY,1476,4,0,0
Travel & Events,Asia report: China manufacturing PMI at its lowest since 2009,2067,4,1,1
Travel & Events,Gavin and Garcia Corvette Photo Finish!- Rolex 24 at Daytona,14134,60,0,9
Travel & Events,[新聞] 印度一隻猴子因拯救涉死同伴而成為了當地英雄,3937,19,0,0
Travel & Events,เรื่องเล่าเช้านี้ วินาทีแม่ช้างตกลูกเพศผู้ สภาพสมบูรณ์แข็งแรง ตั้งชื่อ 'ชัยชนะ' (01 ก.พ.59),8061,15,1,1
Travel & Events,Amur teaches Timur a lesson,1018495,84,149,86
Travel & Events,SeaWorld Orlando Mako Construction Update 1.31.16 First Turn Nearly Complete,2274,52,2,9
Film & Animation,Introducing MsMojo - Our Newest WatchMojo Channel!,201752,4986,5226,4385
Film & Animation,1 Woman + 6 Disney-Inspired Looks,961837,64892,2648,10265
Film & Animation,RWBY Volume 3- World of Remnant: The Four Maidens,199386,9500,118,1537
Film & Animation,STICK FIGURES AROUND THE WORLD?!?! (Special Announcement),608628,25280,315,1159
Film & Animation,Tom Cruise Has Never Made A Bad Movie - Off Topic #9,314740,6160,81,1432
Film & Animation,Escaped Inmates Tieu and Nayeri Arrival at OCJ,60692,63,15,22
Film & Animation,Minecraft Animation - FUNNIEST MOMENTS Lava Race (Animated Short),136661,5642,128,366
Film & Animation,MinecraftShorts: Skillz,203691,12144,162,1047
Film & Animation,JEZEBEL | Web Series EP 4| Trabass Production,145474,5026,80,662
Film & Animation,Leonardo DiCaprio I SAG Awards Acceptance Speech 2016 I TNT,719221,6917,148,903
Film & Animation,Will and Daren Antagonize PhillyD! - SourceFed Podcast,93057,4159,25,334
Film & Animation,10 Hidden Adult Jokes In Popular Disney Films,300872,6936,564,450
Film & Animation,HOW MUCH ANIME DO YOU KNOW?,128958,9537,57,1689
Film & Animation,Kinetic Float Sand Island Party with Disney Frozen Queen Elsa & Season 4 Shopkins - Water Play Video,154847,1767,93,114
Film & Animation,The Finest Hours - movie review,249992,9564,56,914
Film & Animation,HOVERBOARD INSANE TRICKS & FAILS!,46787,6019,70,178
Film & Animation,WOULD YOU RATHER CHALLENGE! - Would You Rather w/BasicallyIDoWrk,762798,31216,207,1827
Film & Animation,Top 10 Most Powerful Weapons in Anime,94618,4295,171,1603
Film & Animation,Spirited Away: Japan's Best Movie - Did You Know Movies ft. Brutalmoose,511842,22949,262,2058
Film & Animation,Two men stand 20m away from a lightning strike and react accordingly,161254,227,4,24
Film & Animation,Anna gets Breakfast *** Olaf Playdo Stop Motion Breakfast *** Disney Frozen episodes,157303,1143,103,97
Film & Animation,Hugh-p De Doo Me,161992,3551,18,79
Film & Animation,GRAPHITE RANGER! Power Rangers Dino Charge Recaps : Black Nerd,57804,1548,40,338
Film & Animation,The Good Dinosaur Hopper,112279,1883,132,445
Film & Animation,The amazing- Maggie the Magician!,229297,4229,320,1594
Film & Animation,Spiderman vs Werewolf vs Batman vs Fozen elsa! Superhero Fun Movie in Real Life,1038494,926,290,48
Film & Animation,Power Rangers Dino Super Charge - When Evil Stirs - Power Rangers vs Ice Age,124099,455,31,45
Film & Animation,Dude Explains Why He Thinks He Has A Little D*ck! REACTION!,66238,2660,40,734